,in_id,out_id,in_type,out_type
0,1,25,['SOURCE'],['OPIN']
1,4,28,['SOURCE'],['OPIN']
2,7,31,['SOURCE'],['OPIN']
3,10,34,['SOURCE'],['OPIN']
4,13,37,['SOURCE'],['OPIN']
5,16,40,['SOURCE'],['OPIN']
6,19,43,['SOURCE'],['OPIN']
7,22,46,['SOURCE'],['OPIN']
8,24,0,['IPIN'],['SINK']
9,25,350,['OPIN'],['CHANY']
10,25,351,['OPIN'],['CHANY']
11,25,352,['OPIN'],['CHANY']
12,25,353,['OPIN'],['CHANY']
13,25,354,['OPIN'],['CHANY']
14,25,355,['OPIN'],['CHANY']
15,25,356,['OPIN'],['CHANY']
16,25,357,['OPIN'],['CHANY']
17,25,392,['OPIN'],['CHANY']
18,25,393,['OPIN'],['CHANY']
19,26,2,['IPIN'],['SINK']
20,27,3,['IPIN'],['SINK']
21,28,358,['OPIN'],['CHANY']
22,28,359,['OPIN'],['CHANY']
23,28,360,['OPIN'],['CHANY']
24,28,361,['OPIN'],['CHANY']
25,28,362,['OPIN'],['CHANY']
26,28,363,['OPIN'],['CHANY']
27,28,364,['OPIN'],['CHANY']
28,28,365,['OPIN'],['CHANY']
29,28,394,['OPIN'],['CHANY']
30,28,395,['OPIN'],['CHANY']
31,29,5,['IPIN'],['SINK']
32,30,6,['IPIN'],['SINK']
33,31,366,['OPIN'],['CHANY']
34,31,367,['OPIN'],['CHANY']
35,31,368,['OPIN'],['CHANY']
36,31,369,['OPIN'],['CHANY']
37,31,370,['OPIN'],['CHANY']
38,31,371,['OPIN'],['CHANY']
39,31,372,['OPIN'],['CHANY']
40,31,373,['OPIN'],['CHANY']
41,31,396,['OPIN'],['CHANY']
42,31,397,['OPIN'],['CHANY']
43,32,8,['IPIN'],['SINK']
44,33,9,['IPIN'],['SINK']
45,34,374,['OPIN'],['CHANY']
46,34,375,['OPIN'],['CHANY']
47,34,376,['OPIN'],['CHANY']
48,34,377,['OPIN'],['CHANY']
49,34,378,['OPIN'],['CHANY']
50,34,379,['OPIN'],['CHANY']
51,34,380,['OPIN'],['CHANY']
52,34,381,['OPIN'],['CHANY']
53,34,398,['OPIN'],['CHANY']
54,34,399,['OPIN'],['CHANY']
55,35,11,['IPIN'],['SINK']
56,36,12,['IPIN'],['SINK']
57,37,382,['OPIN'],['CHANY']
58,37,383,['OPIN'],['CHANY']
59,37,384,['OPIN'],['CHANY']
60,37,385,['OPIN'],['CHANY']
61,37,386,['OPIN'],['CHANY']
62,37,387,['OPIN'],['CHANY']
63,37,388,['OPIN'],['CHANY']
64,37,389,['OPIN'],['CHANY']
65,37,392,['OPIN'],['CHANY']
66,37,393,['OPIN'],['CHANY']
67,38,14,['IPIN'],['SINK']
68,39,15,['IPIN'],['SINK']
69,40,350,['OPIN'],['CHANY']
70,40,351,['OPIN'],['CHANY']
71,40,352,['OPIN'],['CHANY']
72,40,353,['OPIN'],['CHANY']
73,40,354,['OPIN'],['CHANY']
74,40,355,['OPIN'],['CHANY']
75,40,390,['OPIN'],['CHANY']
76,40,391,['OPIN'],['CHANY']
77,40,394,['OPIN'],['CHANY']
78,40,395,['OPIN'],['CHANY']
79,41,17,['IPIN'],['SINK']
80,42,18,['IPIN'],['SINK']
81,43,356,['OPIN'],['CHANY']
82,43,357,['OPIN'],['CHANY']
83,43,358,['OPIN'],['CHANY']
84,43,359,['OPIN'],['CHANY']
85,43,360,['OPIN'],['CHANY']
86,43,361,['OPIN'],['CHANY']
87,43,362,['OPIN'],['CHANY']
88,43,363,['OPIN'],['CHANY']
89,43,396,['OPIN'],['CHANY']
90,43,397,['OPIN'],['CHANY']
91,44,20,['IPIN'],['SINK']
92,45,21,['IPIN'],['SINK']
93,46,364,['OPIN'],['CHANY']
94,46,365,['OPIN'],['CHANY']
95,46,366,['OPIN'],['CHANY']
96,46,367,['OPIN'],['CHANY']
97,46,368,['OPIN'],['CHANY']
98,46,369,['OPIN'],['CHANY']
99,46,370,['OPIN'],['CHANY']
100,46,371,['OPIN'],['CHANY']
101,46,398,['OPIN'],['CHANY']
102,46,399,['OPIN'],['CHANY']
103,47,23,['IPIN'],['SINK']
104,49,73,['SOURCE'],['OPIN']
105,52,76,['SOURCE'],['OPIN']
106,55,79,['SOURCE'],['OPIN']
107,58,82,['SOURCE'],['OPIN']
108,61,85,['SOURCE'],['OPIN']
109,64,88,['SOURCE'],['OPIN']
110,67,91,['SOURCE'],['OPIN']
111,70,94,['SOURCE'],['OPIN']
112,72,48,['IPIN'],['SINK']
113,73,250,['OPIN'],['CHANX']
114,73,251,['OPIN'],['CHANX']
115,73,252,['OPIN'],['CHANX']
116,73,253,['OPIN'],['CHANX']
117,73,254,['OPIN'],['CHANX']
118,73,255,['OPIN'],['CHANX']
119,73,256,['OPIN'],['CHANX']
120,73,257,['OPIN'],['CHANX']
121,73,292,['OPIN'],['CHANX']
122,73,293,['OPIN'],['CHANX']
123,74,50,['IPIN'],['SINK']
124,75,51,['IPIN'],['SINK']
125,76,258,['OPIN'],['CHANX']
126,76,259,['OPIN'],['CHANX']
127,76,260,['OPIN'],['CHANX']
128,76,261,['OPIN'],['CHANX']
129,76,262,['OPIN'],['CHANX']
130,76,263,['OPIN'],['CHANX']
131,76,264,['OPIN'],['CHANX']
132,76,265,['OPIN'],['CHANX']
133,76,294,['OPIN'],['CHANX']
134,76,295,['OPIN'],['CHANX']
135,77,53,['IPIN'],['SINK']
136,78,54,['IPIN'],['SINK']
137,79,266,['OPIN'],['CHANX']
138,79,267,['OPIN'],['CHANX']
139,79,268,['OPIN'],['CHANX']
140,79,269,['OPIN'],['CHANX']
141,79,270,['OPIN'],['CHANX']
142,79,271,['OPIN'],['CHANX']
143,79,272,['OPIN'],['CHANX']
144,79,273,['OPIN'],['CHANX']
145,79,296,['OPIN'],['CHANX']
146,79,297,['OPIN'],['CHANX']
147,80,56,['IPIN'],['SINK']
148,81,57,['IPIN'],['SINK']
149,82,274,['OPIN'],['CHANX']
150,82,275,['OPIN'],['CHANX']
151,82,276,['OPIN'],['CHANX']
152,82,277,['OPIN'],['CHANX']
153,82,278,['OPIN'],['CHANX']
154,82,279,['OPIN'],['CHANX']
155,82,280,['OPIN'],['CHANX']
156,82,281,['OPIN'],['CHANX']
157,82,298,['OPIN'],['CHANX']
158,82,299,['OPIN'],['CHANX']
159,83,59,['IPIN'],['SINK']
160,84,60,['IPIN'],['SINK']
161,85,282,['OPIN'],['CHANX']
162,85,283,['OPIN'],['CHANX']
163,85,284,['OPIN'],['CHANX']
164,85,285,['OPIN'],['CHANX']
165,85,286,['OPIN'],['CHANX']
166,85,287,['OPIN'],['CHANX']
167,85,288,['OPIN'],['CHANX']
168,85,289,['OPIN'],['CHANX']
169,85,292,['OPIN'],['CHANX']
170,85,293,['OPIN'],['CHANX']
171,86,62,['IPIN'],['SINK']
172,87,63,['IPIN'],['SINK']
173,88,250,['OPIN'],['CHANX']
174,88,251,['OPIN'],['CHANX']
175,88,252,['OPIN'],['CHANX']
176,88,253,['OPIN'],['CHANX']
177,88,254,['OPIN'],['CHANX']
178,88,255,['OPIN'],['CHANX']
179,88,290,['OPIN'],['CHANX']
180,88,291,['OPIN'],['CHANX']
181,88,294,['OPIN'],['CHANX']
182,88,295,['OPIN'],['CHANX']
183,89,65,['IPIN'],['SINK']
184,90,66,['IPIN'],['SINK']
185,91,256,['OPIN'],['CHANX']
186,91,257,['OPIN'],['CHANX']
187,91,258,['OPIN'],['CHANX']
188,91,259,['OPIN'],['CHANX']
189,91,260,['OPIN'],['CHANX']
190,91,261,['OPIN'],['CHANX']
191,91,262,['OPIN'],['CHANX']
192,91,263,['OPIN'],['CHANX']
193,91,296,['OPIN'],['CHANX']
194,91,297,['OPIN'],['CHANX']
195,92,68,['IPIN'],['SINK']
196,93,69,['IPIN'],['SINK']
197,94,264,['OPIN'],['CHANX']
198,94,265,['OPIN'],['CHANX']
199,94,266,['OPIN'],['CHANX']
200,94,267,['OPIN'],['CHANX']
201,94,268,['OPIN'],['CHANX']
202,94,269,['OPIN'],['CHANX']
203,94,270,['OPIN'],['CHANX']
204,94,271,['OPIN'],['CHANX']
205,94,298,['OPIN'],['CHANX']
206,94,299,['OPIN'],['CHANX']
207,95,71,['IPIN'],['SINK']
208,104,145,['SOURCE'],['OPIN']
209,105,146,['SOURCE'],['OPIN']
210,106,147,['SOURCE'],['OPIN']
211,107,148,['SOURCE'],['OPIN']
212,108,149,['SOURCE'],['OPIN']
213,109,150,['SOURCE'],['OPIN']
214,110,151,['SOURCE'],['OPIN']
215,111,152,['SOURCE'],['OPIN']
216,113,96,['IPIN'],['SINK']
217,114,96,['IPIN'],['SINK']
218,115,96,['IPIN'],['SINK']
219,116,96,['IPIN'],['SINK']
220,117,97,['IPIN'],['SINK']
221,118,97,['IPIN'],['SINK']
222,119,97,['IPIN'],['SINK']
223,120,97,['IPIN'],['SINK']
224,121,98,['IPIN'],['SINK']
225,122,98,['IPIN'],['SINK']
226,123,98,['IPIN'],['SINK']
227,124,98,['IPIN'],['SINK']
228,125,99,['IPIN'],['SINK']
229,126,99,['IPIN'],['SINK']
230,127,99,['IPIN'],['SINK']
231,128,99,['IPIN'],['SINK']
232,129,100,['IPIN'],['SINK']
233,130,100,['IPIN'],['SINK']
234,131,100,['IPIN'],['SINK']
235,132,100,['IPIN'],['SINK']
236,133,101,['IPIN'],['SINK']
237,134,101,['IPIN'],['SINK']
238,135,101,['IPIN'],['SINK']
239,136,101,['IPIN'],['SINK']
240,137,102,['IPIN'],['SINK']
241,138,102,['IPIN'],['SINK']
242,139,102,['IPIN'],['SINK']
243,140,102,['IPIN'],['SINK']
244,141,103,['IPIN'],['SINK']
245,142,103,['IPIN'],['SINK']
246,143,103,['IPIN'],['SINK']
247,144,103,['IPIN'],['SINK']
248,145,300,['OPIN'],['CHANX']
249,145,301,['OPIN'],['CHANX']
250,145,302,['OPIN'],['CHANX']
251,145,303,['OPIN'],['CHANX']
252,145,304,['OPIN'],['CHANX']
253,145,305,['OPIN'],['CHANX']
254,145,306,['OPIN'],['CHANX']
255,145,307,['OPIN'],['CHANX']
256,145,308,['OPIN'],['CHANX']
257,145,309,['OPIN'],['CHANX']
258,145,342,['OPIN'],['CHANX']
259,145,343,['OPIN'],['CHANX']
260,146,400,['OPIN'],['CHANY']
261,146,401,['OPIN'],['CHANY']
262,146,402,['OPIN'],['CHANY']
263,146,403,['OPIN'],['CHANY']
264,146,404,['OPIN'],['CHANY']
265,146,405,['OPIN'],['CHANY']
266,146,406,['OPIN'],['CHANY']
267,146,407,['OPIN'],['CHANY']
268,146,408,['OPIN'],['CHANY']
269,146,409,['OPIN'],['CHANY']
270,146,442,['OPIN'],['CHANY']
271,146,443,['OPIN'],['CHANY']
272,147,272,['OPIN'],['CHANX']
273,147,273,['OPIN'],['CHANX']
274,147,274,['OPIN'],['CHANX']
275,147,275,['OPIN'],['CHANX']
276,147,276,['OPIN'],['CHANX']
277,147,277,['OPIN'],['CHANX']
278,147,278,['OPIN'],['CHANX']
279,147,279,['OPIN'],['CHANX']
280,147,292,['OPIN'],['CHANX']
281,147,293,['OPIN'],['CHANX']
282,148,372,['OPIN'],['CHANY']
283,148,373,['OPIN'],['CHANY']
284,148,374,['OPIN'],['CHANY']
285,148,375,['OPIN'],['CHANY']
286,148,376,['OPIN'],['CHANY']
287,148,377,['OPIN'],['CHANY']
288,148,378,['OPIN'],['CHANY']
289,148,379,['OPIN'],['CHANY']
290,148,392,['OPIN'],['CHANY']
291,148,393,['OPIN'],['CHANY']
292,149,310,['OPIN'],['CHANX']
293,149,311,['OPIN'],['CHANX']
294,149,312,['OPIN'],['CHANX']
295,149,313,['OPIN'],['CHANX']
296,149,314,['OPIN'],['CHANX']
297,149,315,['OPIN'],['CHANX']
298,149,316,['OPIN'],['CHANX']
299,149,317,['OPIN'],['CHANX']
300,149,344,['OPIN'],['CHANX']
301,149,345,['OPIN'],['CHANX']
302,150,410,['OPIN'],['CHANY']
303,150,411,['OPIN'],['CHANY']
304,150,412,['OPIN'],['CHANY']
305,150,413,['OPIN'],['CHANY']
306,150,414,['OPIN'],['CHANY']
307,150,415,['OPIN'],['CHANY']
308,150,416,['OPIN'],['CHANY']
309,150,417,['OPIN'],['CHANY']
310,150,444,['OPIN'],['CHANY']
311,150,445,['OPIN'],['CHANY']
312,151,280,['OPIN'],['CHANX']
313,151,281,['OPIN'],['CHANX']
314,151,282,['OPIN'],['CHANX']
315,151,283,['OPIN'],['CHANX']
316,151,284,['OPIN'],['CHANX']
317,151,285,['OPIN'],['CHANX']
318,151,286,['OPIN'],['CHANX']
319,151,287,['OPIN'],['CHANX']
320,151,294,['OPIN'],['CHANX']
321,151,295,['OPIN'],['CHANX']
322,152,380,['OPIN'],['CHANY']
323,152,381,['OPIN'],['CHANY']
324,152,382,['OPIN'],['CHANY']
325,152,383,['OPIN'],['CHANY']
326,152,384,['OPIN'],['CHANY']
327,152,385,['OPIN'],['CHANY']
328,152,386,['OPIN'],['CHANY']
329,152,387,['OPIN'],['CHANY']
330,153,112,['IPIN'],['SINK']
331,155,179,['SOURCE'],['OPIN']
332,158,182,['SOURCE'],['OPIN']
333,161,185,['SOURCE'],['OPIN']
334,164,188,['SOURCE'],['OPIN']
335,167,191,['SOURCE'],['OPIN']
336,170,194,['SOURCE'],['OPIN']
337,173,197,['SOURCE'],['OPIN']
338,176,200,['SOURCE'],['OPIN']
339,178,154,['IPIN'],['SINK']
340,179,318,['OPIN'],['CHANX']
341,179,319,['OPIN'],['CHANX']
342,179,320,['OPIN'],['CHANX']
343,179,321,['OPIN'],['CHANX']
344,179,322,['OPIN'],['CHANX']
345,179,323,['OPIN'],['CHANX']
346,179,324,['OPIN'],['CHANX']
347,179,325,['OPIN'],['CHANX']
348,179,346,['OPIN'],['CHANX']
349,179,347,['OPIN'],['CHANX']
350,180,156,['IPIN'],['SINK']
351,181,157,['IPIN'],['SINK']
352,182,326,['OPIN'],['CHANX']
353,182,327,['OPIN'],['CHANX']
354,182,328,['OPIN'],['CHANX']
355,182,329,['OPIN'],['CHANX']
356,182,330,['OPIN'],['CHANX']
357,182,331,['OPIN'],['CHANX']
358,182,332,['OPIN'],['CHANX']
359,182,333,['OPIN'],['CHANX']
360,182,348,['OPIN'],['CHANX']
361,182,349,['OPIN'],['CHANX']
362,183,159,['IPIN'],['SINK']
363,184,160,['IPIN'],['SINK']
364,185,334,['OPIN'],['CHANX']
365,185,335,['OPIN'],['CHANX']
366,185,336,['OPIN'],['CHANX']
367,185,337,['OPIN'],['CHANX']
368,185,338,['OPIN'],['CHANX']
369,185,339,['OPIN'],['CHANX']
370,185,340,['OPIN'],['CHANX']
371,185,341,['OPIN'],['CHANX']
372,185,342,['OPIN'],['CHANX']
373,185,343,['OPIN'],['CHANX']
374,186,162,['IPIN'],['SINK']
375,187,163,['IPIN'],['SINK']
376,188,300,['OPIN'],['CHANX']
377,188,301,['OPIN'],['CHANX']
378,188,302,['OPIN'],['CHANX']
379,188,303,['OPIN'],['CHANX']
380,188,304,['OPIN'],['CHANX']
381,188,305,['OPIN'],['CHANX']
382,188,306,['OPIN'],['CHANX']
383,188,307,['OPIN'],['CHANX']
384,188,344,['OPIN'],['CHANX']
385,188,345,['OPIN'],['CHANX']
386,189,165,['IPIN'],['SINK']
387,190,166,['IPIN'],['SINK']
388,191,308,['OPIN'],['CHANX']
389,191,309,['OPIN'],['CHANX']
390,191,310,['OPIN'],['CHANX']
391,191,311,['OPIN'],['CHANX']
392,191,312,['OPIN'],['CHANX']
393,191,313,['OPIN'],['CHANX']
394,191,314,['OPIN'],['CHANX']
395,191,315,['OPIN'],['CHANX']
396,191,346,['OPIN'],['CHANX']
397,191,347,['OPIN'],['CHANX']
398,192,168,['IPIN'],['SINK']
399,193,169,['IPIN'],['SINK']
400,194,316,['OPIN'],['CHANX']
401,194,317,['OPIN'],['CHANX']
402,194,318,['OPIN'],['CHANX']
403,194,319,['OPIN'],['CHANX']
404,194,320,['OPIN'],['CHANX']
405,194,321,['OPIN'],['CHANX']
406,194,322,['OPIN'],['CHANX']
407,194,323,['OPIN'],['CHANX']
408,194,348,['OPIN'],['CHANX']
409,194,349,['OPIN'],['CHANX']
410,195,171,['IPIN'],['SINK']
411,196,172,['IPIN'],['SINK']
412,197,324,['OPIN'],['CHANX']
413,197,325,['OPIN'],['CHANX']
414,197,326,['OPIN'],['CHANX']
415,197,327,['OPIN'],['CHANX']
416,197,328,['OPIN'],['CHANX']
417,197,329,['OPIN'],['CHANX']
418,197,330,['OPIN'],['CHANX']
419,197,331,['OPIN'],['CHANX']
420,197,342,['OPIN'],['CHANX']
421,197,343,['OPIN'],['CHANX']
422,198,174,['IPIN'],['SINK']
423,199,175,['IPIN'],['SINK']
424,200,332,['OPIN'],['CHANX']
425,200,333,['OPIN'],['CHANX']
426,200,334,['OPIN'],['CHANX']
427,200,335,['OPIN'],['CHANX']
428,200,336,['OPIN'],['CHANX']
429,200,337,['OPIN'],['CHANX']
430,200,338,['OPIN'],['CHANX']
431,200,339,['OPIN'],['CHANX']
432,200,344,['OPIN'],['CHANX']
433,200,345,['OPIN'],['CHANX']
434,201,177,['IPIN'],['SINK']
435,203,227,['SOURCE'],['OPIN']
436,206,230,['SOURCE'],['OPIN']
437,209,233,['SOURCE'],['OPIN']
438,212,236,['SOURCE'],['OPIN']
439,215,239,['SOURCE'],['OPIN']
440,218,242,['SOURCE'],['OPIN']
441,221,245,['SOURCE'],['OPIN']
442,224,248,['SOURCE'],['OPIN']
443,226,202,['IPIN'],['SINK']
444,227,418,['OPIN'],['CHANY']
445,227,419,['OPIN'],['CHANY']
446,227,420,['OPIN'],['CHANY']
447,227,421,['OPIN'],['CHANY']
448,227,422,['OPIN'],['CHANY']
449,227,423,['OPIN'],['CHANY']
450,227,424,['OPIN'],['CHANY']
451,227,425,['OPIN'],['CHANY']
452,227,446,['OPIN'],['CHANY']
453,227,447,['OPIN'],['CHANY']
454,228,204,['IPIN'],['SINK']
455,229,205,['IPIN'],['SINK']
456,230,426,['OPIN'],['CHANY']
457,230,427,['OPIN'],['CHANY']
458,230,428,['OPIN'],['CHANY']
459,230,429,['OPIN'],['CHANY']
460,230,430,['OPIN'],['CHANY']
461,230,431,['OPIN'],['CHANY']
462,230,432,['OPIN'],['CHANY']
463,230,433,['OPIN'],['CHANY']
464,230,448,['OPIN'],['CHANY']
465,230,449,['OPIN'],['CHANY']
466,231,207,['IPIN'],['SINK']
467,232,208,['IPIN'],['SINK']
468,233,434,['OPIN'],['CHANY']
469,233,435,['OPIN'],['CHANY']
470,233,436,['OPIN'],['CHANY']
471,233,437,['OPIN'],['CHANY']
472,233,438,['OPIN'],['CHANY']
473,233,439,['OPIN'],['CHANY']
474,233,440,['OPIN'],['CHANY']
475,233,441,['OPIN'],['CHANY']
476,233,442,['OPIN'],['CHANY']
477,233,443,['OPIN'],['CHANY']
478,234,210,['IPIN'],['SINK']
479,235,211,['IPIN'],['SINK']
480,236,400,['OPIN'],['CHANY']
481,236,401,['OPIN'],['CHANY']
482,236,402,['OPIN'],['CHANY']
483,236,403,['OPIN'],['CHANY']
484,236,404,['OPIN'],['CHANY']
485,236,405,['OPIN'],['CHANY']
486,236,406,['OPIN'],['CHANY']
487,236,407,['OPIN'],['CHANY']
488,236,444,['OPIN'],['CHANY']
489,236,445,['OPIN'],['CHANY']
490,237,213,['IPIN'],['SINK']
491,238,214,['IPIN'],['SINK']
492,239,408,['OPIN'],['CHANY']
493,239,409,['OPIN'],['CHANY']
494,239,410,['OPIN'],['CHANY']
495,239,411,['OPIN'],['CHANY']
496,239,412,['OPIN'],['CHANY']
497,239,413,['OPIN'],['CHANY']
498,239,414,['OPIN'],['CHANY']
499,239,415,['OPIN'],['CHANY']
500,239,446,['OPIN'],['CHANY']
501,239,447,['OPIN'],['CHANY']
502,240,216,['IPIN'],['SINK']
503,241,217,['IPIN'],['SINK']
504,242,416,['OPIN'],['CHANY']
505,242,417,['OPIN'],['CHANY']
506,242,418,['OPIN'],['CHANY']
507,242,419,['OPIN'],['CHANY']
508,242,420,['OPIN'],['CHANY']
509,242,421,['OPIN'],['CHANY']
510,242,422,['OPIN'],['CHANY']
511,242,423,['OPIN'],['CHANY']
512,242,448,['OPIN'],['CHANY']
513,242,449,['OPIN'],['CHANY']
514,243,219,['IPIN'],['SINK']
515,244,220,['IPIN'],['SINK']
516,245,424,['OPIN'],['CHANY']
517,245,425,['OPIN'],['CHANY']
518,245,426,['OPIN'],['CHANY']
519,245,427,['OPIN'],['CHANY']
520,245,428,['OPIN'],['CHANY']
521,245,429,['OPIN'],['CHANY']
522,245,430,['OPIN'],['CHANY']
523,245,431,['OPIN'],['CHANY']
524,245,442,['OPIN'],['CHANY']
525,245,443,['OPIN'],['CHANY']
526,246,222,['IPIN'],['SINK']
527,247,223,['IPIN'],['SINK']
528,248,432,['OPIN'],['CHANY']
529,248,433,['OPIN'],['CHANY']
530,248,434,['OPIN'],['CHANY']
531,248,435,['OPIN'],['CHANY']
532,248,436,['OPIN'],['CHANY']
533,248,437,['OPIN'],['CHANY']
534,248,438,['OPIN'],['CHANY']
535,248,439,['OPIN'],['CHANY']
536,248,444,['OPIN'],['CHANY']
537,248,445,['OPIN'],['CHANY']
538,249,225,['IPIN'],['SINK']
539,250,72,['CHANX'],['IPIN']
540,250,90,['CHANX'],['IPIN']
541,250,115,['CHANX'],['IPIN']
542,250,139,['CHANX'],['IPIN']
543,250,411,['CHANX'],['CHANY']
544,251,72,['CHANX'],['IPIN']
545,251,90,['CHANX'],['IPIN']
546,251,115,['CHANX'],['IPIN']
547,251,139,['CHANX'],['IPIN']
548,251,351,['CHANX'],['CHANY']
549,252,75,['CHANX'],['IPIN']
550,252,93,['CHANX'],['IPIN']
551,252,119,['CHANX'],['IPIN']
552,252,143,['CHANX'],['IPIN']
553,252,438,['CHANX'],['CHANY']
554,253,75,['CHANX'],['IPIN']
555,253,93,['CHANX'],['IPIN']
556,253,119,['CHANX'],['IPIN']
557,253,143,['CHANX'],['IPIN']
558,253,367,['CHANX'],['CHANY']
559,254,78,['CHANX'],['IPIN']
560,254,123,['CHANX'],['IPIN']
561,254,131,['CHANX'],['IPIN']
562,254,417,['CHANX'],['CHANY']
563,255,78,['CHANX'],['IPIN']
564,255,123,['CHANX'],['IPIN']
565,255,131,['CHANX'],['IPIN']
566,255,383,['CHANX'],['CHANY']
567,256,81,['CHANX'],['IPIN']
568,256,127,['CHANX'],['IPIN']
569,256,135,['CHANX'],['IPIN']
570,256,400,['CHANX'],['CHANY']
571,257,81,['CHANX'],['IPIN']
572,257,127,['CHANX'],['IPIN']
573,257,135,['CHANX'],['IPIN']
574,257,360,['CHANX'],['CHANY']
575,258,84,['CHANX'],['IPIN']
576,258,87,['CHANX'],['IPIN']
577,258,115,['CHANX'],['IPIN']
578,258,139,['CHANX'],['IPIN']
579,258,403,['CHANX'],['CHANY']
580,259,84,['CHANX'],['IPIN']
581,259,87,['CHANX'],['IPIN']
582,259,115,['CHANX'],['IPIN']
583,259,139,['CHANX'],['IPIN']
584,259,379,['CHANX'],['CHANY']
585,260,72,['CHANX'],['IPIN']
586,260,119,['CHANX'],['IPIN']
587,260,143,['CHANX'],['IPIN']
588,260,441,['CHANX'],['CHANY']
589,261,72,['CHANX'],['IPIN']
590,261,119,['CHANX'],['IPIN']
591,261,143,['CHANX'],['IPIN']
592,261,350,['CHANX'],['CHANY']
593,262,75,['CHANX'],['IPIN']
594,262,90,['CHANX'],['IPIN']
595,262,123,['CHANX'],['IPIN']
596,262,131,['CHANX'],['IPIN']
597,262,404,['CHANX'],['CHANY']
598,263,75,['CHANX'],['IPIN']
599,263,90,['CHANX'],['IPIN']
600,263,123,['CHANX'],['IPIN']
601,263,131,['CHANX'],['IPIN']
602,263,361,['CHANX'],['CHANY']
603,264,78,['CHANX'],['IPIN']
604,264,93,['CHANX'],['IPIN']
605,264,127,['CHANX'],['IPIN']
606,264,135,['CHANX'],['IPIN']
607,264,425,['CHANX'],['CHANY']
608,265,78,['CHANX'],['IPIN']
609,265,93,['CHANX'],['IPIN']
610,265,127,['CHANX'],['IPIN']
611,265,135,['CHANX'],['IPIN']
612,265,368,['CHANX'],['CHANY']
613,266,81,['CHANX'],['IPIN']
614,266,115,['CHANX'],['IPIN']
615,266,139,['CHANX'],['IPIN']
616,266,420,['CHANX'],['CHANY']
617,267,81,['CHANX'],['IPIN']
618,267,115,['CHANX'],['IPIN']
619,267,139,['CHANX'],['IPIN']
620,267,387,['CHANX'],['CHANY']
621,268,84,['CHANX'],['IPIN']
622,268,119,['CHANX'],['IPIN']
623,268,143,['CHANX'],['IPIN']
624,268,408,['CHANX'],['CHANY']
625,269,84,['CHANX'],['IPIN']
626,269,119,['CHANX'],['IPIN']
627,269,143,['CHANX'],['IPIN']
628,269,378,['CHANX'],['CHANY']
629,270,72,['CHANX'],['IPIN']
630,270,87,['CHANX'],['IPIN']
631,270,123,['CHANX'],['IPIN']
632,270,131,['CHANX'],['IPIN']
633,270,440,['CHANX'],['CHANY']
634,271,72,['CHANX'],['IPIN']
635,271,87,['CHANX'],['IPIN']
636,271,123,['CHANX'],['IPIN']
637,271,131,['CHANX'],['IPIN']
638,271,389,['CHANX'],['CHANY']
639,272,75,['CHANX'],['IPIN']
640,272,90,['CHANX'],['IPIN']
641,272,127,['CHANX'],['IPIN']
642,272,135,['CHANX'],['IPIN']
643,272,410,['CHANX'],['CHANY']
644,273,75,['CHANX'],['IPIN']
645,273,90,['CHANX'],['IPIN']
646,273,127,['CHANX'],['IPIN']
647,273,135,['CHANX'],['IPIN']
648,273,362,['CHANX'],['CHANY']
649,274,78,['CHANX'],['IPIN']
650,274,93,['CHANX'],['IPIN']
651,274,115,['CHANX'],['IPIN']
652,274,139,['CHANX'],['IPIN']
653,274,413,['CHANX'],['CHANY']
654,275,78,['CHANX'],['IPIN']
655,275,93,['CHANX'],['IPIN']
656,275,115,['CHANX'],['IPIN']
657,275,139,['CHANX'],['IPIN']
658,275,358,['CHANX'],['CHANY']
659,276,81,['CHANX'],['IPIN']
660,276,119,['CHANX'],['IPIN']
661,276,143,['CHANX'],['IPIN']
662,276,428,['CHANX'],['CHANY']
663,277,81,['CHANX'],['IPIN']
664,277,119,['CHANX'],['IPIN']
665,277,143,['CHANX'],['IPIN']
666,277,377,['CHANX'],['CHANY']
667,278,84,['CHANX'],['IPIN']
668,278,123,['CHANX'],['IPIN']
669,278,439,['CHANX'],['CHANY']
670,279,84,['CHANX'],['IPIN']
671,279,123,['CHANX'],['IPIN']
672,279,380,['CHANX'],['CHANY']
673,280,72,['CHANX'],['IPIN']
674,280,87,['CHANX'],['IPIN']
675,280,131,['CHANX'],['IPIN']
676,280,135,['CHANX'],['IPIN']
677,280,416,['CHANX'],['CHANY']
678,281,72,['CHANX'],['IPIN']
679,281,87,['CHANX'],['IPIN']
680,281,131,['CHANX'],['IPIN']
681,281,135,['CHANX'],['IPIN']
682,281,355,['CHANX'],['CHANY']
683,282,75,['CHANX'],['IPIN']
684,282,90,['CHANX'],['IPIN']
685,282,127,['CHANX'],['IPIN']
686,282,436,['CHANX'],['CHANY']
687,283,75,['CHANX'],['IPIN']
688,283,90,['CHANX'],['IPIN']
689,283,127,['CHANX'],['IPIN']
690,283,382,['CHANX'],['CHANY']
691,284,78,['CHANX'],['IPIN']
692,284,93,['CHANX'],['IPIN']
693,284,430,['CHANX'],['CHANY']
694,285,78,['CHANX'],['IPIN']
695,285,93,['CHANX'],['IPIN']
696,285,369,['CHANX'],['CHANY']
697,286,81,['CHANX'],['IPIN']
698,286,433,['CHANX'],['CHANY']
699,287,81,['CHANX'],['IPIN']
700,287,363,['CHANX'],['CHANY']
701,288,84,['CHANX'],['IPIN']
702,288,414,['CHANX'],['CHANY']
703,289,84,['CHANX'],['IPIN']
704,289,364,['CHANX'],['CHANY']
705,290,87,['CHANX'],['IPIN']
706,290,402,['CHANX'],['CHANY']
707,291,87,['CHANX'],['IPIN']
708,291,374,['CHANX'],['CHANY']
709,292,409,['CHANX'],['CHANY']
710,292,449,['CHANX'],['CHANY']
711,293,378,['CHANX'],['CHANY']
712,293,395,['CHANX'],['CHANY']
713,294,408,['CHANX'],['CHANY']
714,294,443,['CHANX'],['CHANY']
715,295,377,['CHANX'],['CHANY']
716,295,392,['CHANX'],['CHANY']
717,296,414,['CHANX'],['CHANY']
718,296,442,['CHANX'],['CHANY']
719,297,351,['CHANX'],['CHANY']
720,297,397,['CHANX'],['CHANY']
721,298,431,['CHANX'],['CHANY']
722,298,445,['CHANX'],['CHANY']
723,299,389,['CHANX'],['CHANY']
724,299,393,['CHANX'],['CHANY']
725,300,117,['CHANX'],['IPIN']
726,300,137,['CHANX'],['IPIN']
727,300,181,['CHANX'],['IPIN']
728,300,196,['CHANX'],['IPIN']
729,300,441,['CHANX'],['CHANY']
730,301,117,['CHANX'],['IPIN']
731,301,137,['CHANX'],['IPIN']
732,301,181,['CHANX'],['IPIN']
733,301,196,['CHANX'],['IPIN']
734,301,384,['CHANX'],['CHANY']
735,302,113,['CHANX'],['IPIN']
736,302,133,['CHANX'],['IPIN']
737,302,178,['CHANX'],['IPIN']
738,302,400,['CHANX'],['CHANY']
739,303,113,['CHANX'],['IPIN']
740,303,133,['CHANX'],['IPIN']
741,303,178,['CHANX'],['IPIN']
742,303,389,['CHANX'],['CHANY']
743,304,125,['CHANX'],['IPIN']
744,304,129,['CHANX'],['IPIN']
745,304,187,['CHANX'],['IPIN']
746,304,426,['CHANX'],['CHANY']
747,305,125,['CHANX'],['IPIN']
748,305,129,['CHANX'],['IPIN']
749,305,187,['CHANX'],['IPIN']
750,305,371,['CHANX'],['CHANY']
751,306,121,['CHANX'],['IPIN']
752,306,141,['CHANX'],['IPIN']
753,306,184,['CHANX'],['IPIN']
754,306,199,['CHANX'],['IPIN']
755,306,420,['CHANX'],['CHANY']
756,307,121,['CHANX'],['IPIN']
757,307,141,['CHANX'],['IPIN']
758,307,184,['CHANX'],['IPIN']
759,307,199,['CHANX'],['IPIN']
760,307,368,['CHANX'],['CHANY']
761,308,117,['CHANX'],['IPIN']
762,308,137,['CHANX'],['IPIN']
763,308,178,['CHANX'],['IPIN']
764,308,425,['CHANX'],['CHANY']
765,309,117,['CHANX'],['IPIN']
766,309,137,['CHANX'],['IPIN']
767,309,178,['CHANX'],['IPIN']
768,309,385,['CHANX'],['CHANY']
769,310,113,['CHANX'],['IPIN']
770,310,133,['CHANX'],['IPIN']
771,310,190,['CHANX'],['IPIN']
772,310,193,['CHANX'],['IPIN']
773,310,401,['CHANX'],['CHANY']
774,311,113,['CHANX'],['IPIN']
775,311,133,['CHANX'],['IPIN']
776,311,190,['CHANX'],['IPIN']
777,311,193,['CHANX'],['IPIN']
778,311,357,['CHANX'],['CHANY']
779,312,125,['CHANX'],['IPIN']
780,312,129,['CHANX'],['IPIN']
781,312,184,['CHANX'],['IPIN']
782,312,199,['CHANX'],['IPIN']
783,312,408,['CHANX'],['CHANY']
784,313,125,['CHANX'],['IPIN']
785,313,129,['CHANX'],['IPIN']
786,313,184,['CHANX'],['IPIN']
787,313,199,['CHANX'],['IPIN']
788,313,387,['CHANX'],['CHANY']
789,314,121,['CHANX'],['IPIN']
790,314,141,['CHANX'],['IPIN']
791,314,181,['CHANX'],['IPIN']
792,314,196,['CHANX'],['IPIN']
793,314,413,['CHANX'],['CHANY']
794,315,121,['CHANX'],['IPIN']
795,315,141,['CHANX'],['IPIN']
796,315,181,['CHANX'],['IPIN']
797,315,196,['CHANX'],['IPIN']
798,315,381,['CHANX'],['CHANY']
799,316,117,['CHANX'],['IPIN']
800,316,133,['CHANX'],['IPIN']
801,316,190,['CHANX'],['IPIN']
802,316,193,['CHANX'],['IPIN']
803,316,437,['CHANX'],['CHANY']
804,317,117,['CHANX'],['IPIN']
805,317,133,['CHANX'],['IPIN']
806,317,190,['CHANX'],['IPIN']
807,317,193,['CHANX'],['IPIN']
808,317,367,['CHANX'],['CHANY']
809,318,113,['CHANX'],['IPIN']
810,318,187,['CHANX'],['IPIN']
811,318,405,['CHANX'],['CHANY']
812,319,113,['CHANX'],['IPIN']
813,319,187,['CHANX'],['IPIN']
814,319,364,['CHANX'],['CHANY']
815,320,125,['CHANX'],['IPIN']
816,320,141,['CHANX'],['IPIN']
817,320,181,['CHANX'],['IPIN']
818,320,196,['CHANX'],['IPIN']
819,320,414,['CHANX'],['CHANY']
820,321,125,['CHANX'],['IPIN']
821,321,141,['CHANX'],['IPIN']
822,321,181,['CHANX'],['IPIN']
823,321,196,['CHANX'],['IPIN']
824,321,377,['CHANX'],['CHANY']
825,322,121,['CHANX'],['IPIN']
826,322,137,['CHANX'],['IPIN']
827,322,178,['CHANX'],['IPIN']
828,322,407,['CHANX'],['CHANY']
829,323,121,['CHANX'],['IPIN']
830,323,137,['CHANX'],['IPIN']
831,323,178,['CHANX'],['IPIN']
832,323,388,['CHANX'],['CHANY']
833,324,117,['CHANX'],['IPIN']
834,324,133,['CHANX'],['IPIN']
835,324,187,['CHANX'],['IPIN']
836,324,419,['CHANX'],['CHANY']
837,325,117,['CHANX'],['IPIN']
838,325,133,['CHANX'],['IPIN']
839,325,187,['CHANX'],['IPIN']
840,325,353,['CHANX'],['CHANY']
841,326,113,['CHANX'],['IPIN']
842,326,129,['CHANX'],['IPIN']
843,326,184,['CHANX'],['IPIN']
844,326,199,['CHANX'],['IPIN']
845,326,406,['CHANX'],['CHANY']
846,327,113,['CHANX'],['IPIN']
847,327,129,['CHANX'],['IPIN']
848,327,184,['CHANX'],['IPIN']
849,327,199,['CHANX'],['IPIN']
850,327,363,['CHANX'],['CHANY']
851,328,125,['CHANX'],['IPIN']
852,328,141,['CHANX'],['IPIN']
853,328,193,['CHANX'],['IPIN']
854,328,402,['CHANX'],['CHANY']
855,329,125,['CHANX'],['IPIN']
856,329,141,['CHANX'],['IPIN']
857,329,193,['CHANX'],['IPIN']
858,329,362,['CHANX'],['CHANY']
859,330,121,['CHANX'],['IPIN']
860,330,137,['CHANX'],['IPIN']
861,330,190,['CHANX'],['IPIN']
862,330,416,['CHANX'],['CHANY']
863,331,121,['CHANX'],['IPIN']
864,331,137,['CHANX'],['IPIN']
865,331,190,['CHANX'],['IPIN']
866,331,369,['CHANX'],['CHANY']
867,332,117,['CHANX'],['IPIN']
868,332,133,['CHANX'],['IPIN']
869,332,181,['CHANX'],['IPIN']
870,332,196,['CHANX'],['IPIN']
871,332,435,['CHANX'],['CHANY']
872,333,117,['CHANX'],['IPIN']
873,333,133,['CHANX'],['IPIN']
874,333,181,['CHANX'],['IPIN']
875,333,196,['CHANX'],['IPIN']
876,333,380,['CHANX'],['CHANY']
877,334,113,['CHANX'],['IPIN']
878,334,129,['CHANX'],['IPIN']
879,334,178,['CHANX'],['IPIN']
880,334,421,['CHANX'],['CHANY']
881,335,113,['CHANX'],['IPIN']
882,335,129,['CHANX'],['IPIN']
883,335,178,['CHANX'],['IPIN']
884,335,374,['CHANX'],['CHANY']
885,336,125,['CHANX'],['IPIN']
886,336,141,['CHANX'],['IPIN']
887,336,187,['CHANX'],['IPIN']
888,336,404,['CHANX'],['CHANY']
889,337,125,['CHANX'],['IPIN']
890,337,141,['CHANX'],['IPIN']
891,337,187,['CHANX'],['IPIN']
892,337,379,['CHANX'],['CHANY']
893,338,121,['CHANX'],['IPIN']
894,338,137,['CHANX'],['IPIN']
895,338,184,['CHANX'],['IPIN']
896,338,199,['CHANX'],['IPIN']
897,338,439,['CHANX'],['CHANY']
898,339,121,['CHANX'],['IPIN']
899,339,137,['CHANX'],['IPIN']
900,339,184,['CHANX'],['IPIN']
901,339,199,['CHANX'],['IPIN']
902,339,356,['CHANX'],['CHANY']
903,340,129,['CHANX'],['IPIN']
904,340,190,['CHANX'],['IPIN']
905,340,193,['CHANX'],['IPIN']
906,340,429,['CHANX'],['CHANY']
907,341,129,['CHANX'],['IPIN']
908,341,190,['CHANX'],['IPIN']
909,341,193,['CHANX'],['IPIN']
910,341,354,['CHANX'],['CHANY']
911,342,415,['CHANX'],['CHANY']
912,342,447,['CHANX'],['CHANY']
913,343,378,['CHANX'],['CHANY']
914,343,395,['CHANX'],['CHANY']
915,344,413,['CHANX'],['CHANY']
916,344,448,['CHANX'],['CHANY']
917,345,368,['CHANX'],['CHANY']
918,345,392,['CHANX'],['CHANY']
919,346,401,['CHANX'],['CHANY']
920,346,446,['CHANX'],['CHANY']
921,347,366,['CHANX'],['CHANY']
922,347,397,['CHANX'],['CHANY']
923,348,400,['CHANX'],['CHANY']
924,348,443,['CHANX'],['CHANY']
925,349,363,['CHANX'],['CHANY']
926,349,394,['CHANX'],['CHANY']
927,350,24,['CHANY'],['IPIN']
928,350,39,['CHANY'],['IPIN']
929,350,116,['CHANY'],['IPIN']
930,350,132,['CHANY'],['IPIN']
931,350,327,['CHANY'],['CHANX']
932,351,24,['CHANY'],['IPIN']
933,351,39,['CHANY'],['IPIN']
934,351,116,['CHANY'],['IPIN']
935,351,132,['CHANY'],['IPIN']
936,351,267,['CHANY'],['CHANX']
937,352,27,['CHANY'],['IPIN']
938,352,42,['CHANY'],['IPIN']
939,352,120,['CHANY'],['IPIN']
940,352,140,['CHANY'],['IPIN']
941,352,319,['CHANY'],['CHANX']
942,353,27,['CHANY'],['IPIN']
943,353,42,['CHANY'],['IPIN']
944,353,120,['CHANY'],['IPIN']
945,353,140,['CHANY'],['IPIN']
946,353,270,['CHANY'],['CHANX']
947,354,30,['CHANY'],['IPIN']
948,354,45,['CHANY'],['IPIN']
949,354,124,['CHANY'],['IPIN']
950,354,144,['CHANY'],['IPIN']
951,354,330,['CHANY'],['CHANX']
952,355,30,['CHANY'],['IPIN']
953,355,45,['CHANY'],['IPIN']
954,355,124,['CHANY'],['IPIN']
955,355,144,['CHANY'],['IPIN']
956,355,252,['CHANY'],['CHANX']
957,356,33,['CHANY'],['IPIN']
958,356,128,['CHANY'],['IPIN']
959,356,136,['CHANY'],['IPIN']
960,356,340,['CHANY'],['CHANX']
961,357,33,['CHANY'],['IPIN']
962,357,128,['CHANY'],['IPIN']
963,357,136,['CHANY'],['IPIN']
964,357,269,['CHANY'],['CHANX']
965,358,36,['CHANY'],['IPIN']
966,358,116,['CHANY'],['IPIN']
967,358,132,['CHANY'],['IPIN']
968,358,322,['CHANY'],['CHANX']
969,359,36,['CHANY'],['IPIN']
970,359,116,['CHANY'],['IPIN']
971,359,132,['CHANY'],['IPIN']
972,359,263,['CHANY'],['CHANX']
973,360,24,['CHANY'],['IPIN']
974,360,39,['CHANY'],['IPIN']
975,360,120,['CHANY'],['IPIN']
976,360,140,['CHANY'],['IPIN']
977,360,337,['CHANY'],['CHANX']
978,361,24,['CHANY'],['IPIN']
979,361,39,['CHANY'],['IPIN']
980,361,120,['CHANY'],['IPIN']
981,361,140,['CHANY'],['IPIN']
982,361,261,['CHANY'],['CHANX']
983,362,27,['CHANY'],['IPIN']
984,362,42,['CHANY'],['IPIN']
985,362,124,['CHANY'],['IPIN']
986,362,144,['CHANY'],['IPIN']
987,362,339,['CHANY'],['CHANX']
988,363,27,['CHANY'],['IPIN']
989,363,42,['CHANY'],['IPIN']
990,363,124,['CHANY'],['IPIN']
991,363,144,['CHANY'],['IPIN']
992,363,265,['CHANY'],['CHANX']
993,364,30,['CHANY'],['IPIN']
994,364,45,['CHANY'],['IPIN']
995,364,128,['CHANY'],['IPIN']
996,364,136,['CHANY'],['IPIN']
997,364,331,['CHANY'],['CHANX']
998,365,30,['CHANY'],['IPIN']
999,365,45,['CHANY'],['IPIN']
1000,365,128,['CHANY'],['IPIN']
1001,365,136,['CHANY'],['IPIN']
1002,365,254,['CHANY'],['CHANX']
1003,366,33,['CHANY'],['IPIN']
1004,366,116,['CHANY'],['IPIN']
1005,366,132,['CHANY'],['IPIN']
1006,366,317,['CHANY'],['CHANX']
1007,367,33,['CHANY'],['IPIN']
1008,367,116,['CHANY'],['IPIN']
1009,367,132,['CHANY'],['IPIN']
1010,367,276,['CHANY'],['CHANX']
1011,368,36,['CHANY'],['IPIN']
1012,368,120,['CHANY'],['IPIN']
1013,368,140,['CHANY'],['IPIN']
1014,368,311,['CHANY'],['CHANX']
1015,369,36,['CHANY'],['IPIN']
1016,369,120,['CHANY'],['IPIN']
1017,369,140,['CHANY'],['IPIN']
1018,369,251,['CHANY'],['CHANX']
1019,370,24,['CHANY'],['IPIN']
1020,370,39,['CHANY'],['IPIN']
1021,370,124,['CHANY'],['IPIN']
1022,370,144,['CHANY'],['IPIN']
1023,370,306,['CHANY'],['CHANX']
1024,371,24,['CHANY'],['IPIN']
1025,371,39,['CHANY'],['IPIN']
1026,371,124,['CHANY'],['IPIN']
1027,371,144,['CHANY'],['IPIN']
1028,371,256,['CHANY'],['CHANX']
1029,372,27,['CHANY'],['IPIN']
1030,372,42,['CHANY'],['IPIN']
1031,372,128,['CHANY'],['IPIN']
1032,372,136,['CHANY'],['IPIN']
1033,372,325,['CHANY'],['CHANX']
1034,373,27,['CHANY'],['IPIN']
1035,373,42,['CHANY'],['IPIN']
1036,373,128,['CHANY'],['IPIN']
1037,373,136,['CHANY'],['IPIN']
1038,373,260,['CHANY'],['CHANX']
1039,374,30,['CHANY'],['IPIN']
1040,374,45,['CHANY'],['IPIN']
1041,374,116,['CHANY'],['IPIN']
1042,374,318,['CHANY'],['CHANX']
1043,375,30,['CHANY'],['IPIN']
1044,375,45,['CHANY'],['IPIN']
1045,375,116,['CHANY'],['IPIN']
1046,375,277,['CHANY'],['CHANX']
1047,376,33,['CHANY'],['IPIN']
1048,376,132,['CHANY'],['IPIN']
1049,376,140,['CHANY'],['IPIN']
1050,376,335,['CHANY'],['CHANX']
1051,377,33,['CHANY'],['IPIN']
1052,377,132,['CHANY'],['IPIN']
1053,377,140,['CHANY'],['IPIN']
1054,377,257,['CHANY'],['CHANX']
1055,378,36,['CHANY'],['IPIN']
1056,378,120,['CHANY'],['IPIN']
1057,378,144,['CHANY'],['IPIN']
1058,378,300,['CHANY'],['CHANX']
1059,379,36,['CHANY'],['IPIN']
1060,379,120,['CHANY'],['IPIN']
1061,379,144,['CHANY'],['IPIN']
1062,379,288,['CHANY'],['CHANX']
1063,380,24,['CHANY'],['IPIN']
1064,380,124,['CHANY'],['IPIN']
1065,380,320,['CHANY'],['CHANX']
1066,381,24,['CHANY'],['IPIN']
1067,381,124,['CHANY'],['IPIN']
1068,381,280,['CHANY'],['CHANX']
1069,382,39,['CHANY'],['IPIN']
1070,382,42,['CHANY'],['IPIN']
1071,382,128,['CHANY'],['IPIN']
1072,382,136,['CHANY'],['IPIN']
1073,382,323,['CHANY'],['CHANX']
1074,383,39,['CHANY'],['IPIN']
1075,383,42,['CHANY'],['IPIN']
1076,383,128,['CHANY'],['IPIN']
1077,383,136,['CHANY'],['IPIN']
1078,383,274,['CHANY'],['CHANX']
1079,384,27,['CHANY'],['IPIN']
1080,384,45,['CHANY'],['IPIN']
1081,384,309,['CHANY'],['CHANX']
1082,385,27,['CHANY'],['IPIN']
1083,385,45,['CHANY'],['IPIN']
1084,385,282,['CHANY'],['CHANX']
1085,386,30,['CHANY'],['IPIN']
1086,386,324,['CHANY'],['CHANX']
1087,387,30,['CHANY'],['IPIN']
1088,387,279,['CHANY'],['CHANX']
1089,388,33,['CHANY'],['IPIN']
1090,388,302,['CHANY'],['CHANX']
1091,389,33,['CHANY'],['IPIN']
1092,389,250,['CHANY'],['CHANX']
1093,390,36,['CHANY'],['IPIN']
1094,390,326,['CHANY'],['CHANX']
1095,391,36,['CHANY'],['IPIN']
1096,391,285,['CHANY'],['CHANX']
1097,392,337,['CHANY'],['CHANX']
1098,392,346,['CHANY'],['CHANX']
1099,393,267,['CHANY'],['CHANX']
1100,393,295,['CHANY'],['CHANX']
1101,394,319,['CHANY'],['CHANX']
1102,394,349,['CHANY'],['CHANX']
1103,395,265,['CHANY'],['CHANX']
1104,395,297,['CHANY'],['CHANX']
1105,396,339,['CHANY'],['CHANX']
1106,396,344,['CHANY'],['CHANX']
1107,397,266,['CHANY'],['CHANX']
1108,397,298,['CHANY'],['CHANX']
1109,398,310,['CHANY'],['CHANX']
1110,398,343,['CHANY'],['CHANX']
1111,399,264,['CHANY'],['CHANX']
1112,399,293,['CHANY'],['CHANX']
1113,400,118,['CHANY'],['IPIN']
1114,400,130,['CHANY'],['IPIN']
1115,400,229,['CHANY'],['IPIN']
1116,400,244,['CHANY'],['IPIN']
1117,400,312,['CHANY'],['CHANX']
1118,401,118,['CHANY'],['IPIN']
1119,401,130,['CHANY'],['IPIN']
1120,401,229,['CHANY'],['IPIN']
1121,401,244,['CHANY'],['IPIN']
1122,401,279,['CHANY'],['CHANX']
1123,402,114,['CHANY'],['IPIN']
1124,402,226,['CHANY'],['IPIN']
1125,402,241,['CHANY'],['IPIN']
1126,402,338,['CHANY'],['CHANX']
1127,403,114,['CHANY'],['IPIN']
1128,403,226,['CHANY'],['IPIN']
1129,403,241,['CHANY'],['IPIN']
1130,403,277,['CHANY'],['CHANX']
1131,404,126,['CHANY'],['IPIN']
1132,404,138,['CHANY'],['IPIN']
1133,404,235,['CHANY'],['IPIN']
1134,404,318,['CHANY'],['CHANX']
1135,405,126,['CHANY'],['IPIN']
1136,405,138,['CHANY'],['IPIN']
1137,405,235,['CHANY'],['IPIN']
1138,405,282,['CHANY'],['CHANX']
1139,406,122,['CHANY'],['IPIN']
1140,406,134,['CHANY'],['IPIN']
1141,406,232,['CHANY'],['IPIN']
1142,406,247,['CHANY'],['IPIN']
1143,406,302,['CHANY'],['CHANX']
1144,407,122,['CHANY'],['IPIN']
1145,407,134,['CHANY'],['IPIN']
1146,407,232,['CHANY'],['IPIN']
1147,407,247,['CHANY'],['IPIN']
1148,407,278,['CHANY'],['CHANX']
1149,408,118,['CHANY'],['IPIN']
1150,408,130,['CHANY'],['IPIN']
1151,408,226,['CHANY'],['IPIN']
1152,408,241,['CHANY'],['IPIN']
1153,408,336,['CHANY'],['CHANX']
1154,409,118,['CHANY'],['IPIN']
1155,409,130,['CHANY'],['IPIN']
1156,409,226,['CHANY'],['IPIN']
1157,409,241,['CHANY'],['IPIN']
1158,409,257,['CHANY'],['CHANX']
1159,410,114,['CHANY'],['IPIN']
1160,410,142,['CHANY'],['IPIN']
1161,410,238,['CHANY'],['IPIN']
1162,410,320,['CHANY'],['CHANX']
1163,411,114,['CHANY'],['IPIN']
1164,411,142,['CHANY'],['IPIN']
1165,411,238,['CHANY'],['IPIN']
1166,411,270,['CHANY'],['CHANX']
1167,412,126,['CHANY'],['IPIN']
1168,412,138,['CHANY'],['IPIN']
1169,412,232,['CHANY'],['IPIN']
1170,412,247,['CHANY'],['IPIN']
1171,412,323,['CHANY'],['CHANX']
1172,413,126,['CHANY'],['IPIN']
1173,413,138,['CHANY'],['IPIN']
1174,413,232,['CHANY'],['IPIN']
1175,413,247,['CHANY'],['IPIN']
1176,413,286,['CHANY'],['CHANX']
1177,414,122,['CHANY'],['IPIN']
1178,414,134,['CHANY'],['IPIN']
1179,414,229,['CHANY'],['IPIN']
1180,414,244,['CHANY'],['IPIN']
1181,414,327,['CHANY'],['CHANX']
1182,415,122,['CHANY'],['IPIN']
1183,415,134,['CHANY'],['IPIN']
1184,415,229,['CHANY'],['IPIN']
1185,415,244,['CHANY'],['IPIN']
1186,415,275,['CHANY'],['CHANX']
1187,416,118,['CHANY'],['IPIN']
1188,416,130,['CHANY'],['IPIN']
1189,416,238,['CHANY'],['IPIN']
1190,416,316,['CHANY'],['CHANX']
1191,417,118,['CHANY'],['IPIN']
1192,417,130,['CHANY'],['IPIN']
1193,417,238,['CHANY'],['IPIN']
1194,417,265,['CHANY'],['CHANX']
1195,418,114,['CHANY'],['IPIN']
1196,418,142,['CHANY'],['IPIN']
1197,418,235,['CHANY'],['IPIN']
1198,418,310,['CHANY'],['CHANX']
1199,419,114,['CHANY'],['IPIN']
1200,419,142,['CHANY'],['IPIN']
1201,419,235,['CHANY'],['IPIN']
1202,419,289,['CHANY'],['CHANX']
1203,420,126,['CHANY'],['IPIN']
1204,420,138,['CHANY'],['IPIN']
1205,420,241,['CHANY'],['IPIN']
1206,420,244,['CHANY'],['IPIN']
1207,420,307,['CHANY'],['CHANX']
1208,421,126,['CHANY'],['IPIN']
1209,421,138,['CHANY'],['IPIN']
1210,421,241,['CHANY'],['IPIN']
1211,421,244,['CHANY'],['IPIN']
1212,421,283,['CHANY'],['CHANX']
1213,422,122,['CHANY'],['IPIN']
1214,422,134,['CHANY'],['IPIN']
1215,422,226,['CHANY'],['IPIN']
1216,422,314,['CHANY'],['CHANX']
1217,423,122,['CHANY'],['IPIN']
1218,423,134,['CHANY'],['IPIN']
1219,423,226,['CHANY'],['IPIN']
1220,423,287,['CHANY'],['CHANX']
1221,424,118,['CHANY'],['IPIN']
1222,424,130,['CHANY'],['IPIN']
1223,424,232,['CHANY'],['IPIN']
1224,424,304,['CHANY'],['CHANX']
1225,425,118,['CHANY'],['IPIN']
1226,425,130,['CHANY'],['IPIN']
1227,425,232,['CHANY'],['IPIN']
1228,425,266,['CHANY'],['CHANX']
1229,426,114,['CHANY'],['IPIN']
1230,426,142,['CHANY'],['IPIN']
1231,426,229,['CHANY'],['IPIN']
1232,426,247,['CHANY'],['IPIN']
1233,426,339,['CHANY'],['CHANX']
1234,427,114,['CHANY'],['IPIN']
1235,427,142,['CHANY'],['IPIN']
1236,427,229,['CHANY'],['IPIN']
1237,427,247,['CHANY'],['IPIN']
1238,427,258,['CHANY'],['CHANX']
1239,428,126,['CHANY'],['IPIN']
1240,428,138,['CHANY'],['IPIN']
1241,428,238,['CHANY'],['IPIN']
1242,428,311,['CHANY'],['CHANX']
1243,429,126,['CHANY'],['IPIN']
1244,429,138,['CHANY'],['IPIN']
1245,429,238,['CHANY'],['IPIN']
1246,429,288,['CHANY'],['CHANX']
1247,430,122,['CHANY'],['IPIN']
1248,430,134,['CHANY'],['IPIN']
1249,430,235,['CHANY'],['IPIN']
1250,430,319,['CHANY'],['CHANX']
1251,431,122,['CHANY'],['IPIN']
1252,431,134,['CHANY'],['IPIN']
1253,431,235,['CHANY'],['IPIN']
1254,431,253,['CHANY'],['CHANX']
1255,432,229,['CHANY'],['IPIN']
1256,432,244,['CHANY'],['IPIN']
1257,432,315,['CHANY'],['CHANX']
1258,433,229,['CHANY'],['IPIN']
1259,433,244,['CHANY'],['IPIN']
1260,433,271,['CHANY'],['CHANX']
1261,434,142,['CHANY'],['IPIN']
1262,434,226,['CHANY'],['IPIN']
1263,434,241,['CHANY'],['IPIN']
1264,434,308,['CHANY'],['CHANX']
1265,435,142,['CHANY'],['IPIN']
1266,435,226,['CHANY'],['IPIN']
1267,435,241,['CHANY'],['IPIN']
1268,435,255,['CHANY'],['CHANX']
1269,436,235,['CHANY'],['IPIN']
1270,436,305,['CHANY'],['CHANX']
1271,437,235,['CHANY'],['IPIN']
1272,437,269,['CHANY'],['CHANX']
1273,438,232,['CHANY'],['IPIN']
1274,438,247,['CHANY'],['IPIN']
1275,438,324,['CHANY'],['CHANX']
1276,439,232,['CHANY'],['IPIN']
1277,439,247,['CHANY'],['IPIN']
1278,439,263,['CHANY'],['CHANX']
1279,440,238,['CHANY'],['IPIN']
1280,440,313,['CHANY'],['CHANX']
1281,441,238,['CHANY'],['IPIN']
1282,441,284,['CHANY'],['CHANX']
1283,442,329,['CHANY'],['CHANX']
1284,442,349,['CHANY'],['CHANX']
1285,443,281,['CHANY'],['CHANX']
1286,443,296,['CHANY'],['CHANX']
1287,444,325,['CHANY'],['CHANX']
1288,444,346,['CHANY'],['CHANX']
1289,445,290,['CHANY'],['CHANX']
1290,445,294,['CHANY'],['CHANX']
1291,446,308,['CHANY'],['CHANX']
1292,446,348,['CHANY'],['CHANX']
1293,447,291,['CHANY'],['CHANX']
1294,447,299,['CHANY'],['CHANX']
1295,448,319,['CHANY'],['CHANX']
1296,448,347,['CHANY'],['CHANX']
1297,449,280,['CHANY'],['CHANX']
1298,449,298,['CHANY'],['CHANX']
